Position	A	C	G	T
1	0.25	0.25	0.25	0.25
2	0.25	0.25	0.25	0.25
3	0.25	0.25	0.25	0.25
4	0.25	0.25	0.25	0.25
5	0.25	0.0	0.25	0.5
6	0.0	0.0	0.5	0.5
7	0.25	0.0	0.25	0.5
8	0.25	0.0	0.25	0.5
9	0.25	0.25	0.25	0.25
10	0.5	0.25	0.0	0.25
11	0.25	0.25	0.0	0.5
12	0.25	0.5	0.0	0.25
13	0.5	0.25	0.0	0.25
14	0.25	0.25	0.25	0.25
15	0.25	0.5	0.25	0.0
16	0.5	0.25	0.25	0.0
17	0.25	0.25	0.5	0.0
18	0.25	0.25	0.5	0.0
19	0.25	0.0	0.5	0.25
20	0.25	0.0	0.5	0.25
21	0.5	0.0	0.25	0.25
22	0.5	0.0	0.0	0.5
23	0.5	0.25	0.0	0.25
24	0.25	0.25	0.0	0.5
25	0.0	0.25	0.25	0.5
26	0.0	0.25	0.5	0.25
27	0.0	0.08333333333333334	0.5833333333333334	0.33333333333333337
28	0.08333333333333333	0.08333333333333333	0.6666666666666666	0.16666666666666666
29	0.16666666666666669	0.16666666666666669	0.4166666666666667	0.25000000000000006
30	0.25	0.25	0.25	0.25
31	0.25	0.25	0.25	0.25
32	0.25	0.25	0.25	0.25
33	0.25	0.25	0.25	0.25
34	0.25	0.25	0.25	0.25
35	0.25	0.25	0.25	0.25
36	0.25	0.25	0.25	0.25
37	0.25	0.25	0.25	0.25
38	0.25	0.25	0.25	0.25
39	0.25	0.25	0.25	0.25
40	0.25	0.25	0.25	0.25
41	0.25	0.25	0.25	0.25
42	0.25	0.25	0.25	0.25
43	0.25	0.25	0.25	0.25
44	0.25	0.25	0.25	0.25
45	0.25	0.25	0.25	0.25
46	0.25	0.25	0.25	0.25
47	0.25000000000000006	0.4166666666666667	0.16666666666666669	0.16666666666666669
48	0.4166666666666667	0.4166666666666667	0.08333333333333334	0.08333333333333334
49	0.33333333333333337	0.33333333333333337	0.08333333333333334	0.25000000000000006
50	0.25	0.25	0.25	0.25
51	0.5	0.0	0.25	0.25
52	0.25	0.25	0.25	0.25
53	0.25	0.5	0.25	0.0
54	0.25	0.5	0.0	0.25
55	0.0	0.75	0.0	0.25
56	0.0	0.5	0.0	0.5
57	0.0	0.25	0.0	0.75
58	0.0	0.25	0.25	0.5
59	0.0	0.0	0.5	0.5
60	0.25	0.0	0.5	0.25
61	0.5	0.0	0.5	0.0
62	0.5	0.25	0.25	0.0
63	0.5	0.25	0.0	0.25
64	0.25	0.25	0.25	0.25
65	0.0	0.25	0.25	0.5
66	0.0	0.25	0.25	0.5
67	0.25	0.25	0.25	0.25
68	0.25	0.25	0.25	0.25
69	0.5	0.25	0.25	0.0
70	0.5	0.0	0.25	0.25
71	0.25	0.0	0.5	0.25
72	0.25	0.0	0.25	0.5
73	0.0	0.0	0.5	0.5
74	0.0	0.0	0.5	0.5
75	0.25	0.0	0.25	0.5
76	0.25	0.0	0.25	0.5
77	0.5	0.0	0.0	0.5
78	0.75	0.0	0.0	0.25
79	0.5	0.0	0.25	0.25
80	0.75	0.0	0.25	0.0
81	0.5	0.0	0.5	0.0
82	0.5	0.0	0.5	0.0
83	0.5	0.25	0.25	0.0
84	0.5	0.25	0.25	0.0
85	0.5	0.25	0.25	0.0
